{"cameraMode":{"drawMode":0,"name":"Shaded","section":"Shading Mode"},"sceneLighting":true,"audioPlay":false,"sceneViewState":{"m_AlwaysRefresh":false,"showFog":true,"showSkybox":true,"showFlares":true,"showImageEffects":true,"showParticleSystems":true,"showVisualEffectGraphs":true,"m_FxEnabled":true},"in2DMode":false,"pivot":{"x":-9.051362991333008,"y":4.171929359436035,"z":19.66721534729004},"rotation":{"x":0.12738478183746339,"y":0.033339280635118487,"z":-0.0042633553966879848,"w":0.9912208914756775},"size":4.695476055145264,"orthographic":false}